name,price,brand,codigo de barra
ACEITE DE ALMENDRAS X 40CC TABLADA,,,
ACEITE DE ALMENDRAS X 40CC TABLADA,,,
ACEITE DE ALMENDRAS X 40CC TABLADA,,,
ACEITE DE ALMENDRAS X 40CC TABLADA,,,
ACEITE DE ALMENDRAS X 40CC TABLADA,,,
ACEITE DE ALMENDRAS X 40CC TABLADA,,,
ACEITE DE ALMENDRAS X 40CC TABLADA,,,
ACEITE DE ALMENDRAS X 40CC TABLADA,,,
ACEITE DE ALMENDRAS X 40CC TABLADA,,,
ACEITE DE ALMENDRAS X 40CC TABLADA,,,
ACEITE DE ALMENDRAS X 40CC TABLADA,,,
ACEITE DE ALMENDRAS X 40CC TABLADA,,,
ACEITE DE ALMENDRAS X 40CC TABLADA,,,
ACEITE DE ALMENDRAS X 40CC TABLADA,,,
ACEITE DE ALMENDRAS X 40CC TABLADA,,,
ACEITE DE ALMENDRAS X 40CC TABLADA,,,
ACEITE DE ALMENDRAS X 40CC TABLADA,,,
ACEITE DE ALMENDRAS X 40CC TABLADA,,,
ACEITE DE ALMENDRAS X 40CC TABLADA,,,
ACEITE DE ALMENDRAS X 40CC TABLADA,,,
ACEITE DE ALMENDRAS X 40CC TABLADA,,,
ACEITE DE ALMENDRAS X 40CC TABLADA,,,
ACEITE DE ALMENDRAS X 40CC TABLADA,,,
ACEITE DE ALMENDRAS X 40CC TABLADA,,,
ACEITE DE ALMENDRAS X 40CC TABLADA,,,
ACEITE DE ALMENDRAS X 40CC TABLADA,,,
ACEITE DE ALMENDRAS X 40CC TABLADA,,,
ACEITE DE ALMENDRAS X 40CC TABLADA,,,
ACEITE DE ALMENDRAS X 40CC TABLADA,,,
ACEITE DE ALMENDRAS X 40CC TABLADA,,,
ACEITE DE ALMENDRAS X 40CC TABLADA,,,
ACEITE DE ALMENDRAS X 40CC TABLADA,,,
ACEITE DE ALMENDRAS X 40CC TABLADA,,,
ACEITE DE ALMENDRAS X 40CC TABLADA,,,
ACEITE DE ALMENDRAS X 40CC TABLADA,,,
ACEITE DE ALMENDRAS X 40CC TABLADA,,,
ACEITE DE ALMENDRAS X 40CC TABLADA,,,
ACEITE DE ALMENDRAS X 40CC TABLADA,,,
ACEITE DE ALMENDRAS X 40CC TABLADA,,,
ACEITE DE ALMENDRAS X 40CC TABLADA,,,
ACEITE DE ALMENDRAS X 40CC TABLADA,,,
ACEITE DE ALMENDRAS X 40CC TABLADA,,,
ACEITE DE ALMENDRAS X 40CC TABLADA,,,
ACEITE DE ALMENDRAS X 40CC TABLADA,,,
ACEITE DE ALMENDRAS X 40CC TABLADA,,,
ACEITE DE ALMENDRAS X 40CC TABLADA,,,
ACEITE DE ALMENDRAS X 40CC TABLADA,,,
ACEITE DE ALMENDRAS X 40CC TABLADA,,,
ACEITE DE ALMENDRAS X 40CC TABLADA,,,
ACEITE DE ALMENDRAS X 40CC TABLADA,,,
ACEITE DE ALMENDRAS X 40CC TABLADA,,,
ACEITE DE ALMENDRAS X 40CC TABLADA,,,
ACEITE DE ALMENDRAS X 40CC TABLADA,,,
ACEITE DE ALMENDRAS X 40CC TABLADA,,,
